site,impl,n,procs,threads,dist,chunk,run,rank,compute,count
ryzen7535hs,mpi,20000000,1,1,block,1024,1,0,7.500034,1270607
ryzen7535hs,mpi,20000000,2,1,block,1024,1,0,3.076967,664579
ryzen7535hs,mpi,20000000,2,1,block,1024,1,1,4.935715,606028
ryzen7535hs,mpi,20000000,4,1,block,1024,1,0,1.267602,348513
ryzen7535hs,mpi,20000000,4,1,block,1024,1,1,1.948051,316066
ryzen7535hs,mpi,20000000,4,1,block,1024,1,2,2.398248,306125
ryzen7535hs,mpi,20000000,4,1,block,1024,1,3,2.674326,299903
ryzen7535hs,mpi,20000000,8,1,block,1024,1,0,0.558801,183072
ryzen7535hs,mpi,20000000,8,1,block,1024,1,1,0.969884,165441
ryzen7535hs,mpi,20000000,8,1,block,1024,1,2,1.169293,159748
ryzen7535hs,mpi,20000000,8,1,block,1024,1,3,1.374187,156318
ryzen7535hs,mpi,20000000,8,1,block,1024,1,4,1.485781,154124
ryzen7535hs,mpi,20000000,8,1,block,1024,1,5,1.661359,152001
ryzen7535hs,mpi,20000000,8,1,block,1024,1,6,1.763389,150685
ryzen7535hs,mpi,20000000,8,1,block,1024,1,7,1.817112,149218
ryzen7535hs,mpi,20000000,1,1,cyclic,1024,1,0,7.293165,1270607
ryzen7535hs,mpi,20000000,2,1,cyclic,1024,1,0,3.894962,635437
ryzen7535hs,mpi,20000000,2,1,cyclic,1024,1,1,3.907217,635170
ryzen7535hs,mpi,20000000,4,1,cyclic,1024,1,0,2.147248,317769
ryzen7535hs,mpi,20000000,4,1,cyclic,1024,1,1,2.257284,317693
ryzen7535hs,mpi,20000000,4,1,cyclic,1024,1,2,2.234034,317668
ryzen7535hs,mpi,20000000,4,1,cyclic,1024,1,3,2.264127,317477
ryzen7535hs,mpi,20000000,8,1,cyclic,1024,1,0,1.391113,158948
ryzen7535hs,mpi,20000000,8,1,cyclic,1024,1,1,1.253409,158891
ryzen7535hs,mpi,20000000,8,1,cyclic,1024,1,2,1.303309,158835
ryzen7535hs,mpi,20000000,8,1,cyclic,1024,1,3,1.333830,158781
ryzen7535hs,mpi,20000000,8,1,cyclic,1024,1,4,1.384742,158821
ryzen7535hs,mpi,20000000,8,1,cyclic,1024,1,5,1.308932,158802
ryzen7535hs,mpi,20000000,8,1,cyclic,1024,1,6,1.315821,158833
ryzen7535hs,mpi,20000000,8,1,cyclic,1024,1,7,1.328285,158696
ryzen7535hs,mpi,20000000,1,1,blockcyclic,1024,1,0,7.332715,1270607
ryzen7535hs,mpi,20000000,2,1,blockcyclic,1024,1,0,4.042089,635882
ryzen7535hs,mpi,20000000,2,1,blockcyclic,1024,1,1,4.037427,634725
ryzen7535hs,mpi,20000000,4,1,blockcyclic,1024,1,0,2.122875,318259
ryzen7535hs,mpi,20000000,4,1,blockcyclic,1024,1,1,2.171331,317708
ryzen7535hs,mpi,20000000,4,1,blockcyclic,1024,1,2,2.124843,317623
ryzen7535hs,mpi,20000000,4,1,blockcyclic,1024,1,3,2.274704,317017
ryzen7535hs,mpi,20000000,8,1,blockcyclic,1024,1,0,1.303666,158977
ryzen7535hs,mpi,20000000,8,1,blockcyclic,1024,1,1,1.332575,158750
ryzen7535hs,mpi,20000000,8,1,blockcyclic,1024,1,2,1.335964,158844
ryzen7535hs,mpi,20000000,8,1,blockcyclic,1024,1,3,1.239734,158584
ryzen7535hs,mpi,20000000,8,1,blockcyclic,1024,1,4,1.317088,159282
ryzen7535hs,mpi,20000000,8,1,blockcyclic,1024,1,5,1.351168,158958
ryzen7535hs,mpi,20000000,8,1,blockcyclic,1024,1,6,1.247510,158779
ryzen7535hs,mpi,20000000,8,1,blockcyclic,1024,1,7,1.351358,158433
ryzen7535hs,mpi,20000000,1,1,wblock,1024,1,0,7.442357,1270607
ryzen7535hs,mpi,20000000,2,1,wblock,1024,1,0,4.281612,824750
ryzen7535hs,mpi,20000000,2,1,wblock,1024,1,1,4.010391,445857
ryzen7535hs,mpi,20000000,4,1,wblock,1024,1,0,2.316280,535821
ryzen7535hs,mpi,20000000,4,1,wblock,1024,1,1,2.174238,288929
ryzen7535hs,mpi,20000000,4,1,wblock,1024,1,2,2.096011,237031
ryzen7535hs,mpi,20000000,4,1,wblock,1024,1,3,2.065081,208826
ryzen7535hs,mpi,20000000,8,1,wblock,1024,1,0,1.454255,348513
ryzen7535hs,mpi,20000000,8,1,wblock,1024,1,1,1.394249,187308
ryzen7535hs,mpi,20000000,8,1,wblock,1024,1,2,1.297312,153590
ryzen7535hs,mpi,20000000,8,1,wblock,1024,1,3,1.367908,135339
ryzen7535hs,mpi,20000000,8,1,wblock,1024,1,4,1.353887,122991
ryzen7535hs,mpi,20000000,8,1,wblock,1024,1,5,1.379761,114040
ryzen7535hs,mpi,20000000,8,1,wblock,1024,1,6,1.292711,107291
ryzen7535hs,mpi,20000000,8,1,wblock,1024,1,7,1.140501,101535
ryzen7535hs,mpi,20000000,1,1,block,1024,2,0,7.115996,1270607
ryzen7535hs,mpi,20000000,2,1,block,1024,2,0,3.259320,664579
ryzen7535hs,mpi,20000000,2,1,block,1024,2,1,5.046199,606028
ryzen7535hs,mpi,20000000,4,1,block,1024,2,0,1.462362,348513
ryzen7535hs,mpi,20000000,4,1,block,1024,2,1,2.128406,316066
ryzen7535hs,mpi,20000000,4,1,block,1024,2,2,2.646214,306125
ryzen7535hs,mpi,20000000,4,1,block,1024,2,3,2.931878,299903
ryzen7535hs,mpi,20000000,8,1,block,1024,2,0,0.598320,183072
ryzen7535hs,mpi,20000000,8,1,block,1024,2,1,0.854352,165441
ryzen7535hs,mpi,20000000,8,1,block,1024,2,2,1.237527,159748
ryzen7535hs,mpi,20000000,8,1,block,1024,2,3,1.332504,156318
ryzen7535hs,mpi,20000000,8,1,block,1024,2,4,1.530589,154124
ryzen7535hs,mpi,20000000,8,1,block,1024,2,5,1.674792,152001
ryzen7535hs,mpi,20000000,8,1,block,1024,2,6,1.649223,150685
ryzen7535hs,mpi,20000000,8,1,block,1024,2,7,1.696857,149218
ryzen7535hs,mpi,20000000,1,1,cyclic,1024,2,0,7.188987,1270607
ryzen7535hs,mpi,20000000,2,1,cyclic,1024,2,0,4.174730,635437
ryzen7535hs,mpi,20000000,2,1,cyclic,1024,2,1,4.141641,635170
ryzen7535hs,mpi,20000000,4,1,cyclic,1024,2,0,2.123517,317769
ryzen7535hs,mpi,20000000,4,1,cyclic,1024,2,1,2.174938,317693
ryzen7535hs,mpi,20000000,4,1,cyclic,1024,2,2,2.175474,317668
ryzen7535hs,mpi,20000000,4,1,cyclic,1024,2,3,2.177146,317477
ryzen7535hs,mpi,20000000,8,1,cyclic,1024,2,0,1.608000,158948
ryzen7535hs,mpi,20000000,8,1,cyclic,1024,2,1,1.650729,158891
ryzen7535hs,mpi,20000000,8,1,cyclic,1024,2,2,1.618582,158835
ryzen7535hs,mpi,20000000,8,1,cyclic,1024,2,3,1.644490,158781
ryzen7535hs,mpi,20000000,8,1,cyclic,1024,2,4,1.641881,158821
ryzen7535hs,mpi,20000000,8,1,cyclic,1024,2,5,1.685274,158802
ryzen7535hs,mpi,20000000,8,1,cyclic,1024,2,6,1.604577,158833
ryzen7535hs,mpi,20000000,8,1,cyclic,1024,2,7,1.642781,158696
ryzen7535hs,mpi,20000000,1,1,blockcyclic,1024,2,0,7.327468,1270607
ryzen7535hs,mpi,20000000,2,1,blockcyclic,1024,2,0,4.065400,635882
ryzen7535hs,mpi,20000000,2,1,blockcyclic,1024,2,1,4.057373,634725
ryzen7535hs,mpi,20000000,4,1,blockcyclic,1024,2,0,2.112526,318259
ryzen7535hs,mpi,20000000,4,1,blockcyclic,1024,2,1,2.211974,317708
ryzen7535hs,mpi,20000000,4,1,blockcyclic,1024,2,2,2.210273,317623
ryzen7535hs,mpi,20000000,4,1,blockcyclic,1024,2,3,2.225290,317017
ryzen7535hs,mpi,20000000,8,1,blockcyclic,1024,2,0,1.542907,158977
ryzen7535hs,mpi,20000000,8,1,blockcyclic,1024,2,1,1.474574,158750
ryzen7535hs,mpi,20000000,8,1,blockcyclic,1024,2,2,1.500752,158844
ryzen7535hs,mpi,20000000,8,1,blockcyclic,1024,2,3,1.509284,158584
ryzen7535hs,mpi,20000000,8,1,blockcyclic,1024,2,4,1.576305,159282
ryzen7535hs,mpi,20000000,8,1,blockcyclic,1024,2,5,1.499429,158958
ryzen7535hs,mpi,20000000,8,1,blockcyclic,1024,2,6,1.581315,158779
ryzen7535hs,mpi,20000000,8,1,blockcyclic,1024,2,7,1.443259,158433
ryzen7535hs,mpi,20000000,1,1,wblock,1024,2,0,7.440214,1270607
ryzen7535hs,mpi,20000000,2,1,wblock,1024,2,0,4.197573,824750
ryzen7535hs,mpi,20000000,2,1,wblock,1024,2,1,3.872385,445857
ryzen7535hs,mpi,20000000,4,1,wblock,1024,2,0,2.405562,535821
ryzen7535hs,mpi,20000000,4,1,wblock,1024,2,1,2.153227,288929
ryzen7535hs,mpi,20000000,4,1,wblock,1024,2,2,2.288718,237031
ryzen7535hs,mpi,20000000,4,1,wblock,1024,2,3,2.219064,208826
ryzen7535hs,mpi,20000000,8,1,wblock,1024,2,0,1.589716,348513
ryzen7535hs,mpi,20000000,8,1,wblock,1024,2,1,1.523423,187308
ryzen7535hs,mpi,20000000,8,1,wblock,1024,2,2,1.399071,153590
ryzen7535hs,mpi,20000000,8,1,wblock,1024,2,3,1.399261,135339
ryzen7535hs,mpi,20000000,8,1,wblock,1024,2,4,1.402897,122991
ryzen7535hs,mpi,20000000,8,1,wblock,1024,2,5,1.322620,114040
ryzen7535hs,mpi,20000000,8,1,wblock,1024,2,6,1.379634,107291
ryzen7535hs,mpi,20000000,8,1,wblock,1024,2,7,1.280886,101535
ryzen7535hs,mpi,20000000,1,1,block,1024,3,0,7.259488,1270607
ryzen7535hs,mpi,20000000,2,1,block,1024,3,0,3.083433,664579
ryzen7535hs,mpi,20000000,2,1,block,1024,3,1,4.920146,606028
ryzen7535hs,mpi,20000000,4,1,block,1024,3,0,1.314876,348513
ryzen7535hs,mpi,20000000,4,1,block,1024,3,1,1.986461,316066
ryzen7535hs,mpi,20000000,4,1,block,1024,3,2,2.499792,306125
ryzen7535hs,mpi,20000000,4,1,block,1024,3,3,2.805039,299903
ryzen7535hs,mpi,20000000,8,1,block,1024,3,0,0.554999,183072
ryzen7535hs,mpi,20000000,8,1,block,1024,3,1,0.848400,165441
ryzen7535hs,mpi,20000000,8,1,block,1024,3,2,1.124157,159748
ryzen7535hs,mpi,20000000,8,1,block,1024,3,3,1.251952,156318
ryzen7535hs,mpi,20000000,8,1,block,1024,3,4,1.321252,154124
ryzen7535hs,mpi,20000000,8,1,block,1024,3,5,1.469898,152001
ryzen7535hs,mpi,20000000,8,1,block,1024,3,6,1.531689,150685
ryzen7535hs,mpi,20000000,8,1,block,1024,3,7,1.609188,149218
ryzen7535hs,mpi,20000000,1,1,cyclic,1024,3,0,7.189207,1270607
ryzen7535hs,mpi,20000000,2,1,cyclic,1024,3,0,4.123401,635437
ryzen7535hs,mpi,20000000,2,1,cyclic,1024,3,1,4.119500,635170
ryzen7535hs,mpi,20000000,4,1,cyclic,1024,3,0,2.302944,317769
ryzen7535hs,mpi,20000000,4,1,cyclic,1024,3,1,2.315950,317693
ryzen7535hs,mpi,20000000,4,1,cyclic,1024,3,2,2.250759,317668
ryzen7535hs,mpi,20000000,4,1,cyclic,1024,3,3,2.304839,317477
ryzen7535hs,mpi,20000000,8,1,cyclic,1024,3,0,1.417194,158948
ryzen7535hs,mpi,20000000,8,1,cyclic,1024,3,1,1.358351,158891
ryzen7535hs,mpi,20000000,8,1,cyclic,1024,3,2,1.450385,158835
ryzen7535hs,mpi,20000000,8,1,cyclic,1024,3,3,1.306480,158781
ryzen7535hs,mpi,20000000,8,1,cyclic,1024,3,4,1.345312,158821
ryzen7535hs,mpi,20000000,8,1,cyclic,1024,3,5,1.393171,158802
ryzen7535hs,mpi,20000000,8,1,cyclic,1024,3,6,1.315403,158833
ryzen7535hs,mpi,20000000,8,1,cyclic,1024,3,7,1.357396,158696
ryzen7535hs,mpi,20000000,1,1,blockcyclic,1024,3,0,7.225768,1270607
ryzen7535hs,mpi,20000000,2,1,blockcyclic,1024,3,0,4.272329,635882
ryzen7535hs,mpi,20000000,2,1,blockcyclic,1024,3,1,4.319113,634725
ryzen7535hs,mpi,20000000,4,1,blockcyclic,1024,3,0,2.197728,318259
ryzen7535hs,mpi,20000000,4,1,blockcyclic,1024,3,1,2.132811,317708
ryzen7535hs,mpi,20000000,4,1,blockcyclic,1024,3,2,2.168534,317623
ryzen7535hs,mpi,20000000,4,1,blockcyclic,1024,3,3,2.074488,317017
ryzen7535hs,mpi,20000000,8,1,blockcyclic,1024,3,0,1.333879,158977
ryzen7535hs,mpi,20000000,8,1,blockcyclic,1024,3,1,1.360038,158750
ryzen7535hs,mpi,20000000,8,1,blockcyclic,1024,3,2,1.358334,158844
ryzen7535hs,mpi,20000000,8,1,blockcyclic,1024,3,3,1.319634,158584
ryzen7535hs,mpi,20000000,8,1,blockcyclic,1024,3,4,1.397899,159282
ryzen7535hs,mpi,20000000,8,1,blockcyclic,1024,3,5,1.331706,158958
ryzen7535hs,mpi,20000000,8,1,blockcyclic,1024,3,6,1.362727,158779
ryzen7535hs,mpi,20000000,8,1,blockcyclic,1024,3,7,1.353564,158433
ryzen7535hs,mpi,20000000,1,1,wblock,1024,3,0,7.341092,1270607
ryzen7535hs,mpi,20000000,2,1,wblock,1024,3,0,4.067567,824750
ryzen7535hs,mpi,20000000,2,1,wblock,1024,3,1,3.795242,445857
ryzen7535hs,mpi,20000000,4,1,wblock,1024,3,0,2.241313,535821
ryzen7535hs,mpi,20000000,4,1,wblock,1024,3,1,2.041245,288929
ryzen7535hs,mpi,20000000,4,1,wblock,1024,3,2,2.035814,237031
ryzen7535hs,mpi,20000000,4,1,wblock,1024,3,3,2.025139,208826
ryzen7535hs,mpi,20000000,8,1,wblock,1024,3,0,1.476698,348513
ryzen7535hs,mpi,20000000,8,1,wblock,1024,3,1,1.349332,187308
ryzen7535hs,mpi,20000000,8,1,wblock,1024,3,2,1.286463,153590
ryzen7535hs,mpi,20000000,8,1,wblock,1024,3,3,1.240054,135339
ryzen7535hs,mpi,20000000,8,1,wblock,1024,3,4,1.256780,122991
ryzen7535hs,mpi,20000000,8,1,wblock,1024,3,5,1.333024,114040
ryzen7535hs,mpi,20000000,8,1,wblock,1024,3,6,1.239369,107291
ryzen7535hs,mpi,20000000,8,1,wblock,1024,3,7,1.265433,101535
ryzen7535hs,mpi_sieve,500000000,1,1,block,1024,1,0,1.580460,26355867
ryzen7535hs,mpi_sieve,500000000,2,1,block,1024,1,0,1.002817,13679318
ryzen7535hs,mpi_sieve,500000000,2,1,block,1024,1,1,0.991299,12676549
ryzen7535hs,mpi_sieve,500000000,3,1,block,1024,1,0,0.717112,9327002
ryzen7535hs,mpi_sieve,500000000,3,1,block,1024,1,1,0.750969,8628277
ryzen7535hs,mpi_sieve,500000000,3,1,block,1024,1,2,0.768506,8400588
ryzen7535hs,mpi_sieve,500000000,4,1,block,1024,1,0,0.443266,7110142
ryzen7535hs,mpi_sieve,500000000,4,1,block,1024,1,1,0.434664,6569176
ryzen7535hs,mpi_sieve,500000000,4,1,block,1024,1,2,0.466478,6392436
ryzen7535hs,mpi_sieve,500000000,4,1,block,1024,1,3,0.454206,6284113
ryzen7535hs,mpi_sieve,500000000,5,1,block,1024,1,0,0.389255,5761455
ryzen7535hs,mpi_sieve,500000000,5,1,block,1024,1,1,0.376456,5317482
ryzen7535hs,mpi_sieve,500000000,5,1,block,1024,1,2,0.407649,5173388
ryzen7535hs,mpi_sieve,500000000,5,1,block,1024,1,3,0.374726,5084001
ryzen7535hs,mpi_sieve,500000000,5,1,block,1024,1,4,0.409276,5019541
ryzen7535hs,mpi_sieve,500000000,6,1,block,1024,1,0,0.420187,4852499
ryzen7535hs,mpi_sieve,500000000,6,1,block,1024,1,1,0.423236,4474503
ryzen7535hs,mpi_sieve,500000000,6,1,block,1024,1,2,0.435199,4352316
ryzen7535hs,mpi_sieve,500000000,6,1,block,1024,1,3,0.421576,4275961
ryzen7535hs,mpi_sieve,500000000,6,1,block,1024,1,4,0.441172,4221564
ryzen7535hs,mpi_sieve,500000000,6,1,block,1024,1,5,0.461708,4179024
ryzen7535hs,mpi_sieve,500000000,7,1,block,1024,1,0,0.288039,4197106
ryzen7535hs,mpi_sieve,500000000,7,1,block,1024,1,1,0.273534,3867302
ryzen7535hs,mpi_sieve,500000000,7,1,block,1024,1,2,0.267723,3760477
ryzen7535hs,mpi_sieve,500000000,7,1,block,1024,1,3,0.267026,3694601
ryzen7535hs,mpi_sieve,500000000,7,1,block,1024,1,4,0.268439,3646840
ryzen7535hs,mpi_sieve,500000000,7,1,block,1024,1,5,0.281546,3609987
ryzen7535hs,mpi_sieve,500000000,7,1,block,1024,1,6,0.279914,3579554
ryzen7535hs,mpi_sieve,500000000,8,1,block,1024,1,0,0.281199,3701487
ryzen7535hs,mpi_sieve,500000000,8,1,block,1024,1,1,0.293731,3408655
ryzen7535hs,mpi_sieve,500000000,8,1,block,1024,1,2,0.305377,3314265
ryzen7535hs,mpi_sieve,500000000,8,1,block,1024,1,3,0.286537,3254911
ryzen7535hs,mpi_sieve,500000000,8,1,block,1024,1,4,0.301492,3212954
ryzen7535hs,mpi_sieve,500000000,8,1,block,1024,1,5,0.295503,3179482
ryzen7535hs,mpi_sieve,500000000,8,1,block,1024,1,6,0.284283,3153228
ryzen7535hs,mpi_sieve,500000000,8,1,block,1024,1,7,0.307072,3130885
ryzen7535hs,mpi_sieve,500000000,8,1,blockcyclic,1024,1,0,0.640461,3296072
ryzen7535hs,mpi_sieve,500000000,8,1,blockcyclic,1024,1,1,0.640436,3294233
ryzen7535hs,mpi_sieve,500000000,8,1,blockcyclic,1024,1,2,0.649187,3292513
ryzen7535hs,mpi_sieve,500000000,8,1,blockcyclic,1024,1,3,0.621283,3294073
ryzen7535hs,mpi_sieve,500000000,8,1,blockcyclic,1024,1,4,0.660188,3294503
ryzen7535hs,mpi_sieve,500000000,8,1,blockcyclic,1024,1,5,0.631698,3294966
ryzen7535hs,mpi_sieve,500000000,8,1,blockcyclic,1024,1,6,0.623411,3294921
ryzen7535hs,mpi_sieve,500000000,8,1,blockcyclic,1024,1,7,0.639396,3294586
ryzen7535hs,mpi_sieve,500000000,8,1,wblock,1024,1,0,0.690658,7110142
ryzen7535hs,mpi_sieve,500000000,8,1,wblock,1024,1,1,0.412820,3886385
ryzen7535hs,mpi_sieve,500000000,8,1,wblock,1024,1,2,0.352919,3199904
ryzen7535hs,mpi_sieve,500000000,8,1,wblock,1024,1,3,0.348237,2822625
ryzen7535hs,mpi_sieve,500000000,8,1,wblock,1024,1,4,0.285645,2571346
ryzen7535hs,mpi_sieve,500000000,8,1,wblock,1024,1,5,0.242872,2388489
ryzen7535hs,mpi_sieve,500000000,8,1,wblock,1024,1,6,0.243115,2246020
ryzen7535hs,mpi_sieve,500000000,8,1,wblock,1024,1,7,0.220124,2130956
ryzen7535hs,mpi_sieve,500000000,1,1,block,1024,2,0,1.238142,26355867
ryzen7535hs,mpi_sieve,500000000,2,1,block,1024,2,0,0.873928,13679318
ryzen7535hs,mpi_sieve,500000000,2,1,block,1024,2,1,0.872664,12676549
ryzen7535hs,mpi_sieve,500000000,3,1,block,1024,2,0,0.622846,9327002
ryzen7535hs,mpi_sieve,500000000,3,1,block,1024,2,1,0.615605,8628277
ryzen7535hs,mpi_sieve,500000000,3,1,block,1024,2,2,0.669372,8400588
ryzen7535hs,mpi_sieve,500000000,4,1,block,1024,2,0,0.453581,7110142
ryzen7535hs,mpi_sieve,500000000,4,1,block,1024,2,1,0.415587,6569176
ryzen7535hs,mpi_sieve,500000000,4,1,block,1024,2,2,0.389052,6392436
ryzen7535hs,mpi_sieve,500000000,4,1,block,1024,2,3,0.486646,6284113
ryzen7535hs,mpi_sieve,500000000,5,1,block,1024,2,0,0.353815,5761455
ryzen7535hs,mpi_sieve,500000000,5,1,block,1024,2,1,0.347873,5317482
ryzen7535hs,mpi_sieve,500000000,5,1,block,1024,2,2,0.384803,5173388
ryzen7535hs,mpi_sieve,500000000,5,1,block,1024,2,3,0.378018,5084001
ryzen7535hs,mpi_sieve,500000000,5,1,block,1024,2,4,0.361495,5019541
ryzen7535hs,mpi_sieve,500000000,6,1,block,1024,2,0,0.283129,4852499
ryzen7535hs,mpi_sieve,500000000,6,1,block,1024,2,1,0.291073,4474503
ryzen7535hs,mpi_sieve,500000000,6,1,block,1024,2,2,0.280424,4352316
ryzen7535hs,mpi_sieve,500000000,6,1,block,1024,2,3,0.288310,4275961
ryzen7535hs,mpi_sieve,500000000,6,1,block,1024,2,4,0.288997,4221564
ryzen7535hs,mpi_sieve,500000000,6,1,block,1024,2,5,0.322893,4179024
ryzen7535hs,mpi_sieve,500000000,7,1,block,1024,2,0,0.307257,4197106
ryzen7535hs,mpi_sieve,500000000,7,1,block,1024,2,1,0.321276,3867302
ryzen7535hs,mpi_sieve,500000000,7,1,block,1024,2,2,0.321214,3760477
ryzen7535hs,mpi_sieve,500000000,7,1,block,1024,2,3,0.342261,3694601
ryzen7535hs,mpi_sieve,500000000,7,1,block,1024,2,4,0.322166,3646840
ryzen7535hs,mpi_sieve,500000000,7,1,block,1024,2,5,0.330616,3609987
ryzen7535hs,mpi_sieve,500000000,7,1,block,1024,2,6,0.313973,3579554
ryzen7535hs,mpi_sieve,500000000,8,1,block,1024,2,0,0.238639,3701487
ryzen7535hs,mpi_sieve,500000000,8,1,block,1024,2,1,0.231241,3408655
ryzen7535hs,mpi_sieve,500000000,8,1,block,1024,2,2,0.251168,3314265
ryzen7535hs,mpi_sieve,500000000,8,1,block,1024,2,3,0.228047,3254911
ryzen7535hs,mpi_sieve,500000000,8,1,block,1024,2,4,0.265936,3212954
ryzen7535hs,mpi_sieve,500000000,8,1,block,1024,2,5,0.239957,3179482
ryzen7535hs,mpi_sieve,500000000,8,1,block,1024,2,6,0.244933,3153228
ryzen7535hs,mpi_sieve,500000000,8,1,block,1024,2,7,0.246544,3130885
ryzen7535hs,mpi_sieve,500000000,8,1,blockcyclic,1024,2,0,0.615957,3296072
ryzen7535hs,mpi_sieve,500000000,8,1,blockcyclic,1024,2,1,0.626762,3294233
ryzen7535hs,mpi_sieve,500000000,8,1,blockcyclic,1024,2,2,0.595128,3292513
ryzen7535hs,mpi_sieve,500000000,8,1,blockcyclic,1024,2,3,0.608951,3294073
ryzen7535hs,mpi_sieve,500000000,8,1,blockcyclic,1024,2,4,0.620326,3294503
ryzen7535hs,mpi_sieve,500000000,8,1,blockcyclic,1024,2,5,0.576506,3294966
ryzen7535hs,mpi_sieve,500000000,8,1,blockcyclic,1024,2,6,0.623396,3294921
ryzen7535hs,mpi_sieve,500000000,8,1,blockcyclic,1024,2,7,0.612861,3294586
ryzen7535hs,mpi_sieve,500000000,8,1,wblock,1024,2,0,0.853728,7110142
ryzen7535hs,mpi_sieve,500000000,8,1,wblock,1024,2,1,0.369667,3886385
ryzen7535hs,mpi_sieve,500000000,8,1,wblock,1024,2,2,0.346106,3199904
ryzen7535hs,mpi_sieve,500000000,8,1,wblock,1024,2,3,0.288725,2822625
ryzen7535hs,mpi_sieve,500000000,8,1,wblock,1024,2,4,0.260289,2571346
ryzen7535hs,mpi_sieve,500000000,8,1,wblock,1024,2,5,0.267594,2388489
ryzen7535hs,mpi_sieve,500000000,8,1,wblock,1024,2,6,0.407584,2246020
ryzen7535hs,mpi_sieve,500000000,8,1,wblock,1024,2,7,0.235170,2130956
ryzen7535hs,mpi_sieve,500000000,1,1,block,1024,3,0,1.436128,26355867
ryzen7535hs,mpi_sieve,500000000,2,1,block,1024,3,0,0.815640,13679318
ryzen7535hs,mpi_sieve,500000000,2,1,block,1024,3,1,0.833627,12676549
ryzen7535hs,mpi_sieve,500000000,3,1,block,1024,3,0,0.535347,9327002
ryzen7535hs,mpi_sieve,500000000,3,1,block,1024,3,1,0.543969,8628277
ryzen7535hs,mpi_sieve,500000000,3,1,block,1024,3,2,0.540507,8400588
ryzen7535hs,mpi_sieve,500000000,4,1,block,1024,3,0,0.446001,7110142
ryzen7535hs,mpi_sieve,500000000,4,1,block,1024,3,1,0.444862,6569176
ryzen7535hs,mpi_sieve,500000000,4,1,block,1024,3,2,0.460054,6392436
ryzen7535hs,mpi_sieve,500000000,4,1,block,1024,3,3,0.463785,6284113
ryzen7535hs,mpi_sieve,500000000,5,1,block,1024,3,0,0.358390,5761455
ryzen7535hs,mpi_sieve,500000000,5,1,block,1024,3,1,0.352839,5317482
ryzen7535hs,mpi_sieve,500000000,5,1,block,1024,3,2,0.353467,5173388
ryzen7535hs,mpi_sieve,500000000,5,1,block,1024,3,3,0.351508,5084001
ryzen7535hs,mpi_sieve,500000000,5,1,block,1024,3,4,0.354351,5019541
ryzen7535hs,mpi_sieve,500000000,6,1,block,1024,3,0,0.364413,4852499
ryzen7535hs,mpi_sieve,500000000,6,1,block,1024,3,1,0.360976,4474503
ryzen7535hs,mpi_sieve,500000000,6,1,block,1024,3,2,0.371597,4352316
ryzen7535hs,mpi_sieve,500000000,6,1,block,1024,3,3,0.343058,4275961
ryzen7535hs,mpi_sieve,500000000,6,1,block,1024,3,4,0.375411,4221564
ryzen7535hs,mpi_sieve,500000000,6,1,block,1024,3,5,0.370523,4179024
ryzen7535hs,mpi_sieve,500000000,7,1,block,1024,3,0,0.299630,4197106
ryzen7535hs,mpi_sieve,500000000,7,1,block,1024,3,1,0.297206,3867302
ryzen7535hs,mpi_sieve,500000000,7,1,block,1024,3,2,0.327248,3760477
ryzen7535hs,mpi_sieve,500000000,7,1,block,1024,3,3,0.329404,3694601
ryzen7535hs,mpi_sieve,500000000,7,1,block,1024,3,4,0.297149,3646840
ryzen7535hs,mpi_sieve,500000000,7,1,block,1024,3,5,0.325092,3609987
ryzen7535hs,mpi_sieve,500000000,7,1,block,1024,3,6,0.315934,3579554
ryzen7535hs,mpi_sieve,500000000,8,1,block,1024,3,0,0.243169,3701487
ryzen7535hs,mpi_sieve,500000000,8,1,block,1024,3,1,0.223505,3408655
ryzen7535hs,mpi_sieve,500000000,8,1,block,1024,3,2,0.245777,3314265
ryzen7535hs,mpi_sieve,500000000,8,1,block,1024,3,3,0.228816,3254911
ryzen7535hs,mpi_sieve,500000000,8,1,block,1024,3,4,0.259611,3212954
ryzen7535hs,mpi_sieve,500000000,8,1,block,1024,3,5,0.258652,3179482
ryzen7535hs,mpi_sieve,500000000,8,1,block,1024,3,6,0.228981,3153228
ryzen7535hs,mpi_sieve,500000000,8,1,block,1024,3,7,0.263795,3130885
ryzen7535hs,mpi_sieve,500000000,8,1,blockcyclic,1024,3,0,0.597103,3296072
ryzen7535hs,mpi_sieve,500000000,8,1,blockcyclic,1024,3,1,0.581263,3294233
ryzen7535hs,mpi_sieve,500000000,8,1,blockcyclic,1024,3,2,0.596360,3292513
ryzen7535hs,mpi_sieve,500000000,8,1,blockcyclic,1024,3,3,0.608121,3294073
ryzen7535hs,mpi_sieve,500000000,8,1,blockcyclic,1024,3,4,0.619731,3294503
ryzen7535hs,mpi_sieve,500000000,8,1,blockcyclic,1024,3,5,0.599502,3294966
ryzen7535hs,mpi_sieve,500000000,8,1,blockcyclic,1024,3,6,0.628127,3294921
ryzen7535hs,mpi_sieve,500000000,8,1,blockcyclic,1024,3,7,0.606019,3294586
ryzen7535hs,mpi_sieve,500000000,8,1,wblock,1024,3,0,0.543868,7110142
ryzen7535hs,mpi_sieve,500000000,8,1,wblock,1024,3,1,0.292823,3886385
ryzen7535hs,mpi_sieve,500000000,8,1,wblock,1024,3,2,0.222205,3199904
ryzen7535hs,mpi_sieve,500000000,8,1,wblock,1024,3,3,0.221050,2822625
ryzen7535hs,mpi_sieve,500000000,8,1,wblock,1024,3,4,0.196933,2571346
ryzen7535hs,mpi_sieve,500000000,8,1,wblock,1024,3,5,0.196826,2388489
ryzen7535hs,mpi_sieve,500000000,8,1,wblock,1024,3,6,0.168043,2246020
ryzen7535hs,mpi_sieve,500000000,8,1,wblock,1024,3,7,0.179867,2130956
ryzen7535hs,mpi,20000000,1,1,block,1024,1,0,7.168168,1270607
ryzen7535hs,mpi,20000000,2,1,block,1024,1,0,2.993410,664579
ryzen7535hs,mpi,20000000,2,1,block,1024,1,1,4.786668,606028
ryzen7535hs,mpi,20000000,4,1,block,1024,1,0,1.181527,348513
ryzen7535hs,mpi,20000000,4,1,block,1024,1,1,2.050322,316066
ryzen7535hs,mpi,20000000,4,1,block,1024,1,2,2.447334,306125
ryzen7535hs,mpi,20000000,4,1,block,1024,1,3,2.704968,299903
ryzen7535hs,mpi,20000000,8,1,block,1024,1,0,0.570240,183072
ryzen7535hs,mpi,20000000,8,1,block,1024,1,1,0.888920,165441
ryzen7535hs,mpi,20000000,8,1,block,1024,1,2,1.153716,159748
ryzen7535hs,mpi,20000000,8,1,block,1024,1,3,1.242605,156318
ryzen7535hs,mpi,20000000,8,1,block,1024,1,4,1.387161,154124
ryzen7535hs,mpi,20000000,8,1,block,1024,1,5,1.432703,152001
ryzen7535hs,mpi,20000000,8,1,block,1024,1,6,1.540861,150685
ryzen7535hs,mpi,20000000,8,1,block,1024,1,7,1.649199,149218
ryzen7535hs,mpi,20000000,1,1,cyclic,1024,1,0,7.181963,1270607
ryzen7535hs,mpi,20000000,2,1,cyclic,1024,1,0,3.966966,635437
ryzen7535hs,mpi,20000000,2,1,cyclic,1024,1,1,4.020259,635170
ryzen7535hs,mpi,20000000,3,1,cyclic,1024,1,0,0.016851,2
ryzen7535hs,mpi,20000000,3,1,cyclic,1024,1,1,3.857227,635479
ryzen7535hs,mpi,20000000,3,1,cyclic,1024,1,2,3.844158,635126
ryzen7535hs,mpi,20000000,4,1,cyclic,1024,1,0,2.225827,317769
ryzen7535hs,mpi,20000000,4,1,cyclic,1024,1,1,2.149454,317693
ryzen7535hs,mpi,20000000,4,1,cyclic,1024,1,2,2.282192,317668
ryzen7535hs,mpi,20000000,4,1,cyclic,1024,1,3,2.285971,317477
ryzen7535hs,mpi,20000000,5,1,cyclic,1024,1,0,2.145003,317745
ryzen7535hs,mpi,20000000,5,1,cyclic,1024,1,1,0.021977,1
ryzen7535hs,mpi,20000000,5,1,cyclic,1024,1,2,2.132392,317690
ryzen7535hs,mpi,20000000,5,1,cyclic,1024,1,3,2.070107,317584
ryzen7535hs,mpi,20000000,5,1,cyclic,1024,1,4,2.021960,317587
ryzen7535hs,mpi,20000000,6,1,cyclic,1024,1,0,0.010593,2
ryzen7535hs,mpi,20000000,6,1,cyclic,1024,1,1,2.055677,317729
ryzen7535hs,mpi,20000000,6,1,cyclic,1024,1,2,2.123319,317685
ryzen7535hs,mpi,20000000,6,1,cyclic,1024,1,3,0.011793,0
ryzen7535hs,mpi,20000000,6,1,cyclic,1024,1,4,2.111548,317750
ryzen7535hs,mpi,20000000,6,1,cyclic,1024,1,5,2.123663,317441
ryzen7535hs,mpi,20000000,7,1,cyclic,1024,1,0,1.498220,211849
ryzen7535hs,mpi,20000000,7,1,cyclic,1024,1,1,1.459201,211864
ryzen7535hs,mpi,20000000,7,1,cyclic,1024,1,2,0.023529,1
ryzen7535hs,mpi,20000000,7,1,cyclic,1024,1,3,1.463405,211718
ryzen7535hs,mpi,20000000,7,1,cyclic,1024,1,4,1.526413,211652
ryzen7535hs,mpi,20000000,7,1,cyclic,1024,1,5,1.478166,211757
ryzen7535hs,mpi,20000000,7,1,cyclic,1024,1,6,1.550626,211766
ryzen7535hs,mpi,20000000,8,1,cyclic,1024,1,0,1.381772,158948
ryzen7535hs,mpi,20000000,8,1,cyclic,1024,1,1,1.342079,158891
ryzen7535hs,mpi,20000000,8,1,cyclic,1024,1,2,1.319633,158835
ryzen7535hs,mpi,20000000,8,1,cyclic,1024,1,3,1.364642,158781
ryzen7535hs,mpi,20000000,8,1,cyclic,1024,1,4,1.354640,158821
ryzen7535hs,mpi,20000000,8,1,cyclic,1024,1,5,1.273935,158802
ryzen7535hs,mpi,20000000,8,1,cyclic,1024,1,6,1.364867,158833
ryzen7535hs,mpi,20000000,8,1,cyclic,1024,1,7,1.391307,158696
ryzen7535hs,mpi,20000000,1,1,blockcyclic,1024,1,0,7.258350,1270607
ryzen7535hs,mpi,20000000,2,1,blockcyclic,1024,1,0,4.200118,635882
ryzen7535hs,mpi,20000000,2,1,blockcyclic,1024,1,1,4.242826,634725
ryzen7535hs,mpi,20000000,3,1,blockcyclic,1024,1,0,2.889911,423637
ryzen7535hs,mpi,20000000,3,1,blockcyclic,1024,1,1,2.839514,423645
ryzen7535hs,mpi,20000000,3,1,blockcyclic,1024,1,2,2.871272,423325
ryzen7535hs,mpi,20000000,4,1,blockcyclic,1024,1,0,2.296956,318259
ryzen7535hs,mpi,20000000,4,1,blockcyclic,1024,1,1,2.244073,317708
ryzen7535hs,mpi,20000000,4,1,blockcyclic,1024,1,2,2.156250,317623
ryzen7535hs,mpi,20000000,4,1,blockcyclic,1024,1,3,2.262377,317017
ryzen7535hs,mpi,20000000,5,1,blockcyclic,1024,1,0,1.714400,254518
ryzen7535hs,mpi,20000000,5,1,blockcyclic,1024,1,1,1.716457,253840
ryzen7535hs,mpi,20000000,5,1,blockcyclic,1024,1,2,1.814331,253632
ryzen7535hs,mpi,20000000,5,1,blockcyclic,1024,1,3,1.805385,254583
ryzen7535hs,mpi,20000000,5,1,blockcyclic,1024,1,4,1.826012,254034
ryzen7535hs,mpi,20000000,6,1,blockcyclic,1024,1,0,1.605184,211958
ryzen7535hs,mpi,20000000,6,1,blockcyclic,1024,1,1,1.659155,211499
ryzen7535hs,mpi,20000000,6,1,blockcyclic,1024,1,2,1.609838,211778
ryzen7535hs,mpi,20000000,6,1,blockcyclic,1024,1,3,1.532968,211679
ryzen7535hs,mpi,20000000,6,1,blockcyclic,1024,1,4,1.609995,212146
ryzen7535hs,mpi,20000000,6,1,blockcyclic,1024,1,5,1.561294,211547
ryzen7535hs,mpi,20000000,7,1,blockcyclic,1024,1,0,1.541425,181640
ryzen7535hs,mpi,20000000,7,1,blockcyclic,1024,1,1,1.586492,181598
ryzen7535hs,mpi,20000000,7,1,blockcyclic,1024,1,2,1.505827,181601
ryzen7535hs,mpi,20000000,7,1,blockcyclic,1024,1,3,1.432029,181899
ryzen7535hs,mpi,20000000,7,1,blockcyclic,1024,1,4,1.492389,181133
ryzen7535hs,mpi,20000000,7,1,blockcyclic,1024,1,5,1.537042,181416
ryzen7535hs,mpi,20000000,7,1,blockcyclic,1024,1,6,1.454119,181320
ryzen7535hs,mpi,20000000,8,1,blockcyclic,1024,1,0,1.311832,158977
ryzen7535hs,mpi,20000000,8,1,blockcyclic,1024,1,1,1.342286,158750
ryzen7535hs,mpi,20000000,8,1,blockcyclic,1024,1,2,1.329366,158844
ryzen7535hs,mpi,20000000,8,1,blockcyclic,1024,1,3,1.368580,158584
ryzen7535hs,mpi,20000000,8,1,blockcyclic,1024,1,4,1.308468,159282
ryzen7535hs,mpi,20000000,8,1,blockcyclic,1024,1,5,1.311970,158958
ryzen7535hs,mpi,20000000,8,1,blockcyclic,1024,1,6,1.369960,158779
ryzen7535hs,mpi,20000000,8,1,blockcyclic,1024,1,7,1.360696,158433
ryzen7535hs,mpi,20000000,1,1,wblock,1024,1,0,7.116432,1270607
ryzen7535hs,mpi,20000000,2,1,wblock,1024,1,0,4.284097,824750
ryzen7535hs,mpi,20000000,2,1,wblock,1024,1,1,4.006929,445857
ryzen7535hs,mpi,20000000,4,1,wblock,1024,1,0,2.316455,535821
ryzen7535hs,mpi,20000000,4,1,wblock,1024,1,1,2.095140,288929
ryzen7535hs,mpi,20000000,4,1,wblock,1024,1,2,2.087558,237031
ryzen7535hs,mpi,20000000,4,1,wblock,1024,1,3,2.168989,208826
ryzen7535hs,mpi,20000000,8,1,wblock,1024,1,0,1.382072,348513
ryzen7535hs,mpi,20000000,8,1,wblock,1024,1,1,1.320426,187308
ryzen7535hs,mpi,20000000,8,1,wblock,1024,1,2,1.283242,153590
ryzen7535hs,mpi,20000000,8,1,wblock,1024,1,3,1.264135,135339
ryzen7535hs,mpi,20000000,8,1,wblock,1024,1,4,1.277036,122991
ryzen7535hs,mpi,20000000,8,1,wblock,1024,1,5,1.269337,114040
ryzen7535hs,mpi,20000000,8,1,wblock,1024,1,6,1.281701,107291
ryzen7535hs,mpi,20000000,8,1,wblock,1024,1,7,1.200280,101535
ryzen7535hs,mpi,20000000,1,1,block,1024,2,0,7.269731,1270607
ryzen7535hs,mpi,20000000,2,1,block,1024,2,0,2.945734,664579
ryzen7535hs,mpi,20000000,2,1,block,1024,2,1,4.792672,606028
ryzen7535hs,mpi,20000000,4,1,block,1024,2,0,1.285780,348513
ryzen7535hs,mpi,20000000,4,1,block,1024,2,1,2.070359,316066
ryzen7535hs,mpi,20000000,4,1,block,1024,2,2,2.443132,306125
ryzen7535hs,mpi,20000000,4,1,block,1024,2,3,2.801464,299903
ryzen7535hs,mpi,20000000,8,1,block,1024,2,0,0.599489,183072
ryzen7535hs,mpi,20000000,8,1,block,1024,2,1,0.839527,165441
ryzen7535hs,mpi,20000000,8,1,block,1024,2,2,1.102474,159748
ryzen7535hs,mpi,20000000,8,1,block,1024,2,3,1.165258,156318
ryzen7535hs,mpi,20000000,8,1,block,1024,2,4,1.384690,154124
ryzen7535hs,mpi,20000000,8,1,block,1024,2,5,1.424872,152001
ryzen7535hs,mpi,20000000,8,1,block,1024,2,6,1.555772,150685
ryzen7535hs,mpi,20000000,8,1,block,1024,2,7,1.617283,149218
ryzen7535hs,mpi,20000000,1,1,cyclic,1024,2,0,7.147780,1270607
ryzen7535hs,mpi,20000000,2,1,cyclic,1024,2,0,4.660907,635437
ryzen7535hs,mpi,20000000,2,1,cyclic,1024,2,1,4.675758,635170
ryzen7535hs,mpi,20000000,3,1,cyclic,1024,2,0,0.018068,2
ryzen7535hs,mpi,20000000,3,1,cyclic,1024,2,1,3.925456,635479
ryzen7535hs,mpi,20000000,3,1,cyclic,1024,2,2,3.912914,635126
ryzen7535hs,mpi,20000000,4,1,cyclic,1024,2,0,2.333813,317769
ryzen7535hs,mpi,20000000,4,1,cyclic,1024,2,1,2.341453,317693
ryzen7535hs,mpi,20000000,4,1,cyclic,1024,2,2,2.338622,317668
ryzen7535hs,mpi,20000000,4,1,cyclic,1024,2,3,2.284986,317477
ryzen7535hs,mpi,20000000,5,1,cyclic,1024,2,0,2.159144,317745
ryzen7535hs,mpi,20000000,5,1,cyclic,1024,2,1,0.022869,1
ryzen7535hs,mpi,20000000,5,1,cyclic,1024,2,2,2.159476,317690
ryzen7535hs,mpi,20000000,5,1,cyclic,1024,2,3,2.124693,317584
ryzen7535hs,mpi,20000000,5,1,cyclic,1024,2,4,2.200782,317587
ryzen7535hs,mpi,20000000,6,1,cyclic,1024,2,0,0.010680,2
ryzen7535hs,mpi,20000000,6,1,cyclic,1024,2,1,2.158835,317729
ryzen7535hs,mpi,20000000,6,1,cyclic,1024,2,2,2.204851,317685
ryzen7535hs,mpi,20000000,6,1,cyclic,1024,2,3,0.011406,0
ryzen7535hs,mpi,20000000,6,1,cyclic,1024,2,4,2.207063,317750
ryzen7535hs,mpi,20000000,6,1,cyclic,1024,2,5,2.195351,317441
ryzen7535hs,mpi,20000000,7,1,cyclic,1024,2,0,1.623864,211849
ryzen7535hs,mpi,20000000,7,1,cyclic,1024,2,1,1.623713,211864
ryzen7535hs,mpi,20000000,7,1,cyclic,1024,2,2,0.024723,1
ryzen7535hs,mpi,20000000,7,1,cyclic,1024,2,3,1.595958,211718
ryzen7535hs,mpi,20000000,7,1,cyclic,1024,2,4,1.566311,211652
ryzen7535hs,mpi,20000000,7,1,cyclic,1024,2,5,1.607948,211757
ryzen7535hs,mpi,20000000,7,1,cyclic,1024,2,6,1.549323,211766
ryzen7535hs,mpi,20000000,8,1,cyclic,1024,2,0,1.291728,158948
ryzen7535hs,mpi,20000000,8,1,cyclic,1024,2,1,1.313472,158891
ryzen7535hs,mpi,20000000,8,1,cyclic,1024,2,2,1.295186,158835
ryzen7535hs,mpi,20000000,8,1,cyclic,1024,2,3,1.300202,158781
ryzen7535hs,mpi,20000000,8,1,cyclic,1024,2,4,1.368147,158821
ryzen7535hs,mpi,20000000,8,1,cyclic,1024,2,5,1.263115,158802
ryzen7535hs,mpi,20000000,8,1,cyclic,1024,2,6,1.265619,158833
ryzen7535hs,mpi,20000000,8,1,cyclic,1024,2,7,1.308519,158696
ryzen7535hs,mpi,20000000,1,1,blockcyclic,1024,2,0,7.216981,1270607
ryzen7535hs,mpi,20000000,2,1,blockcyclic,1024,2,0,4.414950,635882
ryzen7535hs,mpi,20000000,2,1,blockcyclic,1024,2,1,4.398252,634725
ryzen7535hs,mpi,20000000,3,1,blockcyclic,1024,2,0,2.769106,423637
ryzen7535hs,mpi,20000000,3,1,blockcyclic,1024,2,1,2.774017,423645
ryzen7535hs,mpi,20000000,3,1,blockcyclic,1024,2,2,2.760795,423325
ryzen7535hs,mpi,20000000,4,1,blockcyclic,1024,2,0,2.323414,318259
ryzen7535hs,mpi,20000000,4,1,blockcyclic,1024,2,1,2.365615,317708
ryzen7535hs,mpi,20000000,4,1,blockcyclic,1024,2,2,2.391458,317623
ryzen7535hs,mpi,20000000,4,1,blockcyclic,1024,2,3,2.412831,317017
ryzen7535hs,mpi,20000000,5,1,blockcyclic,1024,2,0,1.886147,254518
ryzen7535hs,mpi,20000000,5,1,blockcyclic,1024,2,1,1.806879,253840
ryzen7535hs,mpi,20000000,5,1,blockcyclic,1024,2,2,1.786584,253632
ryzen7535hs,mpi,20000000,5,1,blockcyclic,1024,2,3,1.839954,254583
ryzen7535hs,mpi,20000000,5,1,blockcyclic,1024,2,4,1.893782,254034
ryzen7535hs,mpi,20000000,6,1,blockcyclic,1024,2,0,1.634992,211958
ryzen7535hs,mpi,20000000,6,1,blockcyclic,1024,2,1,1.818179,211499
ryzen7535hs,mpi,20000000,6,1,blockcyclic,1024,2,2,1.775083,211778
ryzen7535hs,mpi,20000000,6,1,blockcyclic,1024,2,3,1.739710,211679
ryzen7535hs,mpi,20000000,6,1,blockcyclic,1024,2,4,1.783392,212146
ryzen7535hs,mpi,20000000,6,1,blockcyclic,1024,2,5,1.696903,211547
ryzen7535hs,mpi,20000000,7,1,blockcyclic,1024,2,0,1.412405,181640
ryzen7535hs,mpi,20000000,7,1,blockcyclic,1024,2,1,1.440340,181598
ryzen7535hs,mpi,20000000,7,1,blockcyclic,1024,2,2,1.352021,181601
ryzen7535hs,mpi,20000000,7,1,blockcyclic,1024,2,3,1.413581,181899
ryzen7535hs,mpi,20000000,7,1,blockcyclic,1024,2,4,1.476185,181133
ryzen7535hs,mpi,20000000,7,1,blockcyclic,1024,2,5,1.455138,181416
ryzen7535hs,mpi,20000000,7,1,blockcyclic,1024,2,6,1.487964,181320
ryzen7535hs,mpi,20000000,8,1,blockcyclic,1024,2,0,1.285614,158977
ryzen7535hs,mpi,20000000,8,1,blockcyclic,1024,2,1,1.323697,158750
ryzen7535hs,mpi,20000000,8,1,blockcyclic,1024,2,2,1.299850,158844
ryzen7535hs,mpi,20000000,8,1,blockcyclic,1024,2,3,1.367492,158584
ryzen7535hs,mpi,20000000,8,1,blockcyclic,1024,2,4,1.296102,159282
ryzen7535hs,mpi,20000000,8,1,blockcyclic,1024,2,5,1.324360,158958
ryzen7535hs,mpi,20000000,8,1,blockcyclic,1024,2,6,1.327797,158779
ryzen7535hs,mpi,20000000,8,1,blockcyclic,1024,2,7,1.337527,158433
ryzen7535hs,mpi,20000000,1,1,wblock,1024,2,0,7.193658,1270607
ryzen7535hs,mpi,20000000,2,1,wblock,1024,2,0,4.607194,824750
ryzen7535hs,mpi,20000000,2,1,wblock,1024,2,1,4.290466,445857
ryzen7535hs,mpi,20000000,4,1,wblock,1024,2,0,2.547828,535821
ryzen7535hs,mpi,20000000,4,1,wblock,1024,2,1,2.377550,288929
ryzen7535hs,mpi,20000000,4,1,wblock,1024,2,2,2.230280,237031
ryzen7535hs,mpi,20000000,4,1,wblock,1024,2,3,2.289670,208826
ryzen7535hs,mpi,20000000,8,1,wblock,1024,2,0,1.489547,348513
ryzen7535hs,mpi,20000000,8,1,wblock,1024,2,1,1.448313,187308
ryzen7535hs,mpi,20000000,8,1,wblock,1024,2,2,1.329884,153590
ryzen7535hs,mpi,20000000,8,1,wblock,1024,2,3,1.294696,135339
ryzen7535hs,mpi,20000000,8,1,wblock,1024,2,4,1.320484,122991
ryzen7535hs,mpi,20000000,8,1,wblock,1024,2,5,1.291523,114040
ryzen7535hs,mpi,20000000,8,1,wblock,1024,2,6,1.361569,107291
ryzen7535hs,mpi,20000000,8,1,wblock,1024,2,7,1.172591,101535
ryzen7535hs,mpi,20000000,1,1,block,1024,3,0,7.125021,1270607
ryzen7535hs,mpi,20000000,2,1,block,1024,3,0,3.584725,664579
ryzen7535hs,mpi,20000000,2,1,block,1024,3,1,5.396960,606028
ryzen7535hs,mpi,20000000,4,1,block,1024,3,0,1.389594,348513
ryzen7535hs,mpi,20000000,4,1,block,1024,3,1,2.160513,316066
ryzen7535hs,mpi,20000000,4,1,block,1024,3,2,2.571381,306125
ryzen7535hs,mpi,20000000,4,1,block,1024,3,3,2.877549,299903
ryzen7535hs,mpi,20000000,8,1,block,1024,3,0,0.587787,183072
ryzen7535hs,mpi,20000000,8,1,block,1024,3,1,0.968648,165441
ryzen7535hs,mpi,20000000,8,1,block,1024,3,2,1.150418,159748
ryzen7535hs,mpi,20000000,8,1,block,1024,3,3,1.242144,156318
ryzen7535hs,mpi,20000000,8,1,block,1024,3,4,1.411613,154124
ryzen7535hs,mpi,20000000,8,1,block,1024,3,5,1.480704,152001
ryzen7535hs,mpi,20000000,8,1,block,1024,3,6,1.597518,150685
ryzen7535hs,mpi,20000000,8,1,block,1024,3,7,1.669686,149218
ryzen7535hs,mpi,20000000,1,1,cyclic,1024,3,0,7.105750,1270607
ryzen7535hs,mpi,20000000,2,1,cyclic,1024,3,0,4.674723,635437
ryzen7535hs,mpi,20000000,2,1,cyclic,1024,3,1,4.663141,635170
ryzen7535hs,mpi,20000000,3,1,cyclic,1024,3,0,0.013593,2
ryzen7535hs,mpi,20000000,3,1,cyclic,1024,3,1,3.864208,635479
ryzen7535hs,mpi,20000000,3,1,cyclic,1024,3,2,3.878059,635126
ryzen7535hs,mpi,20000000,4,1,cyclic,1024,3,0,2.252810,317769
ryzen7535hs,mpi,20000000,4,1,cyclic,1024,3,1,2.286672,317693
ryzen7535hs,mpi,20000000,4,1,cyclic,1024,3,2,2.310490,317668
ryzen7535hs,mpi,20000000,4,1,cyclic,1024,3,3,2.274376,317477
ryzen7535hs,mpi,20000000,5,1,cyclic,1024,3,0,2.307780,317745
ryzen7535hs,mpi,20000000,5,1,cyclic,1024,3,1,0.021337,1
ryzen7535hs,mpi,20000000,5,1,cyclic,1024,3,2,2.185351,317690
ryzen7535hs,mpi,20000000,5,1,cyclic,1024,3,3,2.335647,317584
ryzen7535hs,mpi,20000000,5,1,cyclic,1024,3,4,2.200863,317587
ryzen7535hs,mpi,20000000,6,1,cyclic,1024,3,0,0.011405,2
ryzen7535hs,mpi,20000000,6,1,cyclic,1024,3,1,2.254401,317729
ryzen7535hs,mpi,20000000,6,1,cyclic,1024,3,2,2.185342,317685
ryzen7535hs,mpi,20000000,6,1,cyclic,1024,3,3,0.011959,0
ryzen7535hs,mpi,20000000,6,1,cyclic,1024,3,4,2.218389,317750
ryzen7535hs,mpi,20000000,6,1,cyclic,1024,3,5,2.122615,317441
ryzen7535hs,mpi,20000000,7,1,cyclic,1024,3,0,1.568722,211849
ryzen7535hs,mpi,20000000,7,1,cyclic,1024,3,1,1.488497,211864
ryzen7535hs,mpi,20000000,7,1,cyclic,1024,3,2,0.019723,1
ryzen7535hs,mpi,20000000,7,1,cyclic,1024,3,3,1.586812,211718
ryzen7535hs,mpi,20000000,7,1,cyclic,1024,3,4,1.659865,211652
ryzen7535hs,mpi,20000000,7,1,cyclic,1024,3,5,1.472675,211757
ryzen7535hs,mpi,20000000,7,1,cyclic,1024,3,6,1.640035,211766
ryzen7535hs,mpi,20000000,8,1,cyclic,1024,3,0,1.382705,158948
ryzen7535hs,mpi,20000000,8,1,cyclic,1024,3,1,1.413694,158891
ryzen7535hs,mpi,20000000,8,1,cyclic,1024,3,2,1.373775,158835
ryzen7535hs,mpi,20000000,8,1,cyclic,1024,3,3,1.435770,158781
ryzen7535hs,mpi,20000000,8,1,cyclic,1024,3,4,1.434500,158821
ryzen7535hs,mpi,20000000,8,1,cyclic,1024,3,5,1.380502,158802
ryzen7535hs,mpi,20000000,8,1,cyclic,1024,3,6,1.421386,158833
ryzen7535hs,mpi,20000000,8,1,cyclic,1024,3,7,1.402059,158696
ryzen7535hs,mpi,20000000,1,1,blockcyclic,1024,3,0,7.225334,1270607
ryzen7535hs,mpi,20000000,2,1,blockcyclic,1024,3,0,4.468747,635882
ryzen7535hs,mpi,20000000,2,1,blockcyclic,1024,3,1,4.511976,634725
ryzen7535hs,mpi,20000000,3,1,blockcyclic,1024,3,0,2.782845,423637
ryzen7535hs,mpi,20000000,3,1,blockcyclic,1024,3,1,2.796576,423645
ryzen7535hs,mpi,20000000,3,1,blockcyclic,1024,3,2,2.768913,423325
ryzen7535hs,mpi,20000000,4,1,blockcyclic,1024,3,0,2.354409,318259
ryzen7535hs,mpi,20000000,4,1,blockcyclic,1024,3,1,2.408555,317708
ryzen7535hs,mpi,20000000,4,1,blockcyclic,1024,3,2,2.361528,317623
ryzen7535hs,mpi,20000000,4,1,blockcyclic,1024,3,3,2.332233,317017
ryzen7535hs,mpi,20000000,5,1,blockcyclic,1024,3,0,1.788909,254518
ryzen7535hs,mpi,20000000,5,1,blockcyclic,1024,3,1,1.814381,253840
ryzen7535hs,mpi,20000000,5,1,blockcyclic,1024,3,2,1.859811,253632
ryzen7535hs,mpi,20000000,5,1,blockcyclic,1024,3,3,1.769095,254583
ryzen7535hs,mpi,20000000,5,1,blockcyclic,1024,3,4,1.914056,254034
ryzen7535hs,mpi,20000000,6,1,blockcyclic,1024,3,0,1.646198,211958
ryzen7535hs,mpi,20000000,6,1,blockcyclic,1024,3,1,1.648857,211499
ryzen7535hs,mpi,20000000,6,1,blockcyclic,1024,3,2,1.606250,211778
ryzen7535hs,mpi,20000000,6,1,blockcyclic,1024,3,3,1.596538,211679
ryzen7535hs,mpi,20000000,6,1,blockcyclic,1024,3,4,1.697707,212146
ryzen7535hs,mpi,20000000,6,1,blockcyclic,1024,3,5,1.693634,211547
ryzen7535hs,mpi,20000000,7,1,blockcyclic,1024,3,0,1.460412,181640
ryzen7535hs,mpi,20000000,7,1,blockcyclic,1024,3,1,1.456706,181598
ryzen7535hs,mpi,20000000,7,1,blockcyclic,1024,3,2,1.466335,181601
ryzen7535hs,mpi,20000000,7,1,blockcyclic,1024,3,3,1.469746,181899
ryzen7535hs,mpi,20000000,7,1,blockcyclic,1024,3,4,1.486624,181133
ryzen7535hs,mpi,20000000,7,1,blockcyclic,1024,3,5,1.324008,181416
ryzen7535hs,mpi,20000000,7,1,blockcyclic,1024,3,6,1.365942,181320
ryzen7535hs,mpi,20000000,8,1,blockcyclic,1024,3,0,1.302413,158977
ryzen7535hs,mpi,20000000,8,1,blockcyclic,1024,3,1,1.298945,158750
ryzen7535hs,mpi,20000000,8,1,blockcyclic,1024,3,2,1.273569,158844
ryzen7535hs,mpi,20000000,8,1,blockcyclic,1024,3,3,1.367218,158584
ryzen7535hs,mpi,20000000,8,1,blockcyclic,1024,3,4,1.334053,159282
ryzen7535hs,mpi,20000000,8,1,blockcyclic,1024,3,5,1.380225,158958
ryzen7535hs,mpi,20000000,8,1,blockcyclic,1024,3,6,1.302377,158779
ryzen7535hs,mpi,20000000,8,1,blockcyclic,1024,3,7,1.303431,158433
ryzen7535hs,mpi,20000000,1,1,wblock,1024,3,0,7.221986,1270607
ryzen7535hs,mpi,20000000,2,1,wblock,1024,3,0,4.255119,824750
ryzen7535hs,mpi,20000000,2,1,wblock,1024,3,1,3.975313,445857
ryzen7535hs,mpi,20000000,4,1,wblock,1024,3,0,2.452899,535821
ryzen7535hs,mpi,20000000,4,1,wblock,1024,3,1,2.356408,288929
ryzen7535hs,mpi,20000000,4,1,wblock,1024,3,2,2.297358,237031
ryzen7535hs,mpi,20000000,4,1,wblock,1024,3,3,2.238084,208826
ryzen7535hs,mpi,20000000,8,1,wblock,1024,3,0,1.452821,348513
ryzen7535hs,mpi,20000000,8,1,wblock,1024,3,1,1.353512,187308
ryzen7535hs,mpi,20000000,8,1,wblock,1024,3,2,1.301646,153590
ryzen7535hs,mpi,20000000,8,1,wblock,1024,3,3,1.264091,135339
ryzen7535hs,mpi,20000000,8,1,wblock,1024,3,4,1.319666,122991
ryzen7535hs,mpi,20000000,8,1,wblock,1024,3,5,1.290794,114040
ryzen7535hs,mpi,20000000,8,1,wblock,1024,3,6,1.303759,107291
ryzen7535hs,mpi,20000000,8,1,wblock,1024,3,7,1.239130,101535
